Position,Nucleotides variations
240,"['c', 't', 't', 't']"
345,"['c', 'c', 't', 'c']"
2093,"['c', 't', 't', 't']"
2694,"['c', 't', 't', 't']"
3036,"['c', 't', 't', 't']"
3307,"['g', 'g', 'a', 'g']"
5143,"['c', 't', 'c', 't']"
7530,"['a', 'a', 'g', 'a']"
7748,"['c', 't', 'c', 't']"
8091,"['c', 't', 't', 't']"
9164,"['c', 'c', 'c', 't']"
9610,"['c', 'c', 't', 'c']"
9856,"['c', 't', 'c', 'c']"
10028,"['c', 'c', 't', 't']"
11082,"['g', 'g', 't', 'g']"
11781,"['a', 'g', 'g', 'g']"
12483,"['c', 'c', 't', 'c']"
12923,"['c', 'c', 't', 'c']"
14291,"['c', 'c', 't', 'c']"
14407,"['c', 't', 't', 't']"
16886,"['c', 't', 'c', 'c']"
18537,"['g', 't', 't', 't']"
20131,"['c', 't', 'c', 't']"
21569,"['t', 'g', 'g', 'g']"
21574,"['c', 't', 't', 't']"
21599,"['g', 't', 'g', 'g']"
21608,"['t', 'c', 't', 'c']"
21845,"['c', 'c', 't', 'c']"
21979,"['t', 't', 'c', 't']"
21989,"['t', 't', 'a', 't']"
22324,"['t', 't', 'n', 't']"
22325,"['c', 'y', 'n', 'c']"
22326,"['t', 't', 'n', 't']"
22327,"['t', 't', 'n', 't']"
22328,"['c', 'c', 'n', 'c']"
22329,"['a', 'a', 'n', 'a']"
22494,"['a', 'a', 'n', 'a']"
22495,"['a', 'a', 'n', 'a']"
22496,"['t', 't', 'n', 't']"
22497,"['c', 'c', 'n', 'c']"
22498,"['t', 't', 'n', 't']"
22499,"['a', 'a', 'n', 'a']"
22500,"['t', 't', 'n', 't']"
22501,"['c', 'c', 'n', 'c']"
22502,"['a', 'a', 'n', 'a']"
22503,"['a', 'a', 'n', 'a']"
22504,"['a', 'a', 'n', 'a']"
22505,"['c', 'c', 'n', 'c']"
22506,"['t', 't', 'n', 't']"
22507,"['t', 't', 'n', 't']"
22508,"['c', 'c', 'n', 'c']"
22509,"['t', 't', 'n', 't']"
22510,"['a', 'a', 'n', 'a']"
22511,"['a', 'a', 'n', 'a']"
22512,"['c', 'c', 'n', 'c']"
22513,"['t', 't', 'n', 't']"
22514,"['t', 't', 'n', 't']"
22515,"['t', 't', 'n', 't']"
22516,"['a', 'a', 'n', 'a']"
22517,"['g', 'g', 'n', 'g']"
22518,"['a', 'a', 'n', 'a']"
22519,"['g', 'g', 'n', 'g']"
22520,"['t', 't', 'n', 't']"
22521,"['c', 'c', 'n', 'c']"
22522,"['c', 'c', 'n', 'c']"
22523,"['a', 'a', 'n', 'a']"
22524,"['a', 'a', 'n', 'a']"
22525,"['c', 'c', 'n', 'c']"
22526,"['c', 'c', 'n', 'c']"
22527,"['a', 'a', 'n', 'a']"
22528,"['a', 'a', 'n', 'a']"
22529,"['c', 'c', 'n', 'c']"
22530,"['a', 'a', 'n', 'a']"
22531,"['g', 'g', 'n', 'g']"
22532,"['a', 'a', 'n', 'a']"
22533,"['a', 'a', 'n', 'a']"
22534,"['t', 't', 'n', 't']"
22535,"['c', 'c', 'n', 'c']"
22536,"['t', 't', 'n', 't']"
22537,"['a', 'a', 'n', 'a']"
22538,"['t', 't', 'n', 't']"
22539,"['t', 't', 'n', 't']"
22540,"['g', 'g', 'n', 'g']"
22541,"['t', 't', 'n', 't']"
22615,"['g', 't', 't', 't']"
22784,"['g', 'g', 'g', 'a']"
22897,"['g', 'g', 'a', 'g']"
23011,"['g', 'g', 'g', 'a']"
23012,"['a', 'a', 'c', 'a']"
23029,"['t', 'c', 't', 'c']"
23041,"['t', 'c', 't', 'c']"
23402,"['a', 'g', 'g', 'g']"
23590,"['c', 'a', 'c', 'a']"
23624,"['c', 'c', 't', 'c']"
23801,"['c', 'c', 't', 'c']"
24085,"['g', 'a', 'a', 'a']"
24585,"['g', 't', 't', 't']"
25472,"['t', 'c', 'c', 'c']"
25525,"['g', 't', 't', 't']"
25915,"['c', 't', 'c', 't']"
26766,"['t', 'c', 'g', 'c']"
28252,"['c', 't', 't', 't']"
28270,"['a', 'a', 'c', 'c']"
28272,"['a', 't', 'a', 'a']"
28360,"['g', 'c', 'g', 'g']"
28471,"['c', 't', 't', 't']"
28880,"['g', 'a', 'a', 'a']"
28881,"['g', 'a', 'a', 'a']"
28882,"['g', 'c', 'c', 'c']"
28883,"['g', 't', 'g', 'g']"
29836,"['c', 'n']"
29837,"['c', 'n']"
29838,"['a', 'n']"
29839,"['t', 'n']"
29840,"['g', 'n']"
29841,"['t', 'n']"
29842,"['g', 'n']"
29843,"['a', 'n']"
29844,"['t', 'n']"
29845,"['t', 'n']"
29846,"['t', 'n']"
29847,"['t', 'n']"
29848,"['a', 'n']"
29849,"['a', 'n']"
29850,"['t', 'n']"
29851,"['a', 'n']"
29852,"['g', 'n']"
29853,"['c', 'n']"
29854,"['t', 'n']"
29855,"['t', 'n']"
29856,"['c', 'n']"
29857,"['t', 'n']"
29858,"['t', 'n']"
29859,"['a', 'n']"
29860,"['g', 'n']"
29861,"['g', 'n']"
29862,"['a', 'n']"
29863,"['g', 'n']"
29864,"['a', 'n']"
29865,"['a', 'n']"
29866,"['t', 'n']"
29867,"['g', 'n']"
29868,"['a', 'n']"
29869,"['c', 'n']"
